[
{
  "model": "boulange.settings",
  "pk": 1,
  "fields": {
    "name": "Nb steps levain",
    "value": "3"
  }
},
{
  "model": "boulange.ingredient",
  "pk": 1,
  "fields": {
    "name": "Beurre",
    "unit": "g",
    "per_unit_price": "11.340",
    "soaking_ingredient": null,
    "soaking_coef": 1.0
  }
},
{
  "model": "boulange.ingredient",
  "pk": 2,
  "fields": {
    "name": "Eau",
    "unit": "g",
    "per_unit_price": "0.300",
    "soaking_ingredient": null,
    "soaking_coef": 1.0
  }
},
{
  "model": "boulange.ingredient",
  "pk": 3,
  "fields": {
    "name": "Farine blé",
    "unit": "g",
    "per_unit_price": "1.430",
    "soaking_ingredient": null,
    "soaking_coef": 1.0
  }
},
{
  "model": "boulange.ingredient",
  "pk": 4,
  "fields": {
    "name": "Farine sarrasin",
    "unit": "g",
    "per_unit_price": "2.200",
    "soaking_ingredient": null,
    "soaking_coef": 1.0
  }
},
{
  "model": "boulange.ingredient",
  "pk": 5,
  "fields": {
    "name": "Farine seigle",
    "unit": "g",
    "per_unit_price": "1.600",
    "soaking_ingredient": null,
    "soaking_coef": 1.0
  }
},
{
  "model": "boulange.ingredient",
  "pk": 6,
  "fields": {
    "name": "Graines kasha",
    "unit": "g",
    "per_unit_price": "5.000",
    "soaking_ingredient": 2,
    "soaking_coef": 1.0
  }
},
{
  "model": "boulange.ingredient",
  "pk": 7,
  "fields": {
    "name": "Graines lin",
    "unit": "g",
    "per_unit_price": "4.000",
    "soaking_ingredient": 2,
    "soaking_coef": 1.0
  }
},
{
  "model": "boulange.ingredient",
  "pk": 8,
  "fields": {
    "name": "Herbes de provence",
    "unit": "g",
    "per_unit_price": "20.000",
    "soaking_ingredient": null,
    "soaking_coef": 1.0
  }
},
{
  "model": "boulange.ingredient",
  "pk": 9,
  "fields": {
    "name": "Huile",
    "unit": "g",
    "per_unit_price": "4.350",
    "soaking_ingredient": null,
    "soaking_coef": 1.0
  }
},
{
  "model": "boulange.ingredient",
  "pk": 10,
  "fields": {
    "name": "Huile olive",
    "unit": "g",
    "per_unit_price": "4.350",
    "soaking_ingredient": null,
    "soaking_coef": 1.0
  }
},
{
  "model": "boulange.ingredient",
  "pk": 12,
  "fields": {
    "name": "Lait",
    "unit": "g",
    "per_unit_price": "1.100",
    "soaking_ingredient": null,
    "soaking_coef": 1.0
  }
},
{
  "model": "boulange.ingredient",
  "pk": 13,
  "fields": {
    "name": "Levain froment",
    "unit": "g",
    "per_unit_price": "1.430",
    "soaking_ingredient": null,
    "soaking_coef": 1.0
  }
},
{
  "model": "boulange.ingredient",
  "pk": 14,
  "fields": {
    "name": "Levain sarrasin",
    "unit": "g",
    "per_unit_price": "2.200",
    "soaking_ingredient": null,
    "soaking_coef": 1.0
  }
},
{
  "model": "boulange.ingredient",
  "pk": 15,
  "fields": {
    "name": "Noisettes",
    "unit": "g",
    "per_unit_price": "12.500",
    "soaking_ingredient": 2,
    "soaking_coef": 0.5
  }
},
{
  "model": "boulange.ingredient",
  "pk": 16,
  "fields": {
    "name": "Noix",
    "unit": "g",
    "per_unit_price": "18.000",
    "soaking_ingredient": 2,
    "soaking_coef": 0.5
  }
},
{
  "model": "boulange.ingredient",
  "pk": 17,
  "fields": {
    "name": "Oeufs",
    "unit": "oeufs",
    "per_unit_price": "0.400",
    "soaking_ingredient": null,
    "soaking_coef": 1.0
  }
},
{
  "model": "boulange.ingredient",
  "pk": 18,
  "fields": {
    "name": "Pruneaux",
    "unit": "g",
    "per_unit_price": "13.000",
    "soaking_ingredient": null,
    "soaking_coef": 1.0
  }
},
{
  "model": "boulange.ingredient",
  "pk": 19,
  "fields": {
    "name": "Pépites de chocolat",
    "unit": "g",
    "per_unit_price": "9.400",
    "soaking_ingredient": null,
    "soaking_coef": 1.0
  }
},
{
  "model": "boulange.ingredient",
  "pk": 20,
  "fields": {
    "name": "Raisins secs",
    "unit": "g",
    "per_unit_price": "3.780",
    "soaking_ingredient": 2,
    "soaking_coef": 1.0
  }
},
{
  "model": "boulange.ingredient",
  "pk": 21,
  "fields": {
    "name": "Sel",
    "unit": "g",
    "per_unit_price": "1.140",
    "soaking_ingredient": null,
    "soaking_coef": 1.0
  }
},
{
  "model": "boulange.ingredient",
  "pk": 22,
  "fields": {
    "name": "Sucre",
    "unit": "g",
    "per_unit_price": "1.920",
    "soaking_ingredient": null,
    "soaking_coef": 1.0
  }
},
{
  "model": "boulange.ingredient",
  "pk": 23,
  "fields": {
    "name": "Flocons de riz",
    "unit": "g",
    "per_unit_price": "3.950",
    "soaking_ingredient": 2,
    "soaking_coef": 10.0
  }
},
{
  "model": "boulange.ingredient",
  "pk": 24,
  "fields": {
    "name": "Farine de Petit Epeautre",
    "unit": "g",
    "per_unit_price": "2.200",
    "soaking_ingredient": null,
    "soaking_coef": 1.0
  }
},
{
  "model": "boulange.ingredient",
  "pk": 25,
  "fields": {
    "name": "Levain de petit epeautre",
    "unit": "g",
    "per_unit_price": "3.000",
    "soaking_ingredient": null,
    "soaking_coef": 1.0
  }
},
{
  "model": "boulange.ingredient",
  "pk": 26,
  "fields": {
    "name": "Tomates séchées",
    "unit": "g",
    "per_unit_price": "13.250",
    "soaking_ingredient": 10,
    "soaking_coef": 1.5
  }
},
{
  "model": "boulange.ingredient",
  "pk": 27,
  "fields": {
    "name": "Noisettes caramélisées",
    "unit": "g",
    "per_unit_price": "15.000",
    "soaking_ingredient": null,
    "soaking_coef": 1.0
  }
},
{
  "model": "boulange.ingredient",
  "pk": 28,
  "fields": {
    "name": "Olives",
    "unit": "g",
    "per_unit_price": "11.250",
    "soaking_ingredient": null,
    "soaking_coef": 1.0
  }
},
{
  "model": "boulange.product",
  "pk": 1,
  "fields": {
    "name": "Semi-complet nature (1 kg)",
    "ref": "GN",
    "price": "5.00",
    "active": true,
    "orig_product": null,
    "coef": 1.0,
    "nb_units": 1,
    "baked_by_batch": false,
    "notes": "",
    "display_priority": 60,
    "is_bread": true
  }
},
{
  "model": "boulange.product",
  "pk": 2,
  "fields": {
    "name": "Semi-complet nature (2 kg)",
    "ref": "TGN",
    "price": "10.00",
    "active": true,
    "orig_product": 1,
    "coef": 2.0,
    "nb_units": 1,
    "baked_by_batch": false,
    "notes": "",
    "display_priority": 0,
    "is_bread": true
  }
},
{
  "model": "boulange.product",
  "pk": 3,
  "fields": {
    "name": "Semi-complet nature (500 g)",
    "ref": "PN",
    "price": "2.70",
    "active": true,
    "orig_product": 1,
    "coef": 0.5,
    "nb_units": 1,
    "baked_by_batch": false,
    "notes": "",
    "display_priority": 0,
    "is_bread": true
  }
},
{
  "model": "boulange.product",
  "pk": 4,
  "fields": {
    "name": "Semi-complet lin (1 kg)",
    "ref": "GL",
    "price": "6.50",
    "active": true,
    "orig_product": null,
    "coef": 1.0,
    "nb_units": 1,
    "baked_by_batch": false,
    "notes": "",
    "display_priority": 80,
    "is_bread": true
  }
},
{
  "model": "boulange.product",
  "pk": 5,
  "fields": {
    "name": "Semi-complet lin (2 kg)",
    "ref": "TGL",
    "price": "13.00",
    "active": true,
    "orig_product": 4,
    "coef": 2.0,
    "nb_units": 1,
    "baked_by_batch": false,
    "notes": "",
    "display_priority": 0,
    "is_bread": true
  }
},
{
  "model": "boulange.product",
  "pk": 6,
  "fields": {
    "name": "Semi-complet lin (500 g)",
    "ref": "PL",
    "price": "3.50",
    "active": true,
    "orig_product": 4,
    "coef": 0.5,
    "nb_units": 1,
    "baked_by_batch": false,
    "notes": "",
    "display_priority": 0,
    "is_bread": true
  }
},
{
  "model": "boulange.product",
  "pk": 7,
  "fields": {
    "name": "Semi-complet kasha (1 kg)",
    "ref": "GK",
    "price": "6.50",
    "active": true,
    "orig_product": null,
    "coef": 1.0,
    "nb_units": 1,
    "baked_by_batch": false,
    "notes": "",
    "display_priority": 70,
    "is_bread": true
  }
},
{
  "model": "boulange.product",
  "pk": 8,
  "fields": {
    "name": "Semi-complet kasha (2 kg)",
    "ref": "TGK",
    "price": "13.00",
    "active": true,
    "orig_product": 7,
    "coef": 2.0,
    "nb_units": 1,
    "baked_by_batch": false,
    "notes": "",
    "display_priority": 0,
    "is_bread": true
  }
},
{
  "model": "boulange.product",
  "pk": 9,
  "fields": {
    "name": "Semi-complet kasha (500 g)",
    "ref": "PK",
    "price": "3.50",
    "active": true,
    "orig_product": 7,
    "coef": 1.0,
    "nb_units": 2,
    "baked_by_batch": true,
    "notes": "",
    "display_priority": 0,
    "is_bread": true
  }
},
{
  "model": "boulange.product",
  "pk": 10,
  "fields": {
    "name": "Sarrasin 100% (800 g)",
    "ref": "GSa",
    "price": "6.50",
    "active": true,
    "orig_product": null,
    "coef": 1.0,
    "nb_units": 1,
    "baked_by_batch": false,
    "notes": "",
    "display_priority": 100,
    "is_bread": true
  }
},
{
  "model": "boulange.product",
  "pk": 11,
  "fields": {
    "name": "Sarrasin 100% (400 g)",
    "ref": "PSa",
    "price": "3.50",
    "active": true,
    "orig_product": 10,
    "coef": 1.0,
    "nb_units": 2,
    "baked_by_batch": true,
    "notes": "",
    "display_priority": 0,
    "is_bread": true
  }
},
{
  "model": "boulange.product",
  "pk": 12,
  "fields": {
    "name": "Seigle 70% (800 g)",
    "ref": "GSe",
    "price": "5.00",
    "active": true,
    "orig_product": null,
    "coef": 1.0,
    "nb_units": 1,
    "baked_by_batch": false,
    "notes": "",
    "display_priority": 90,
    "is_bread": true
  }
},
{
  "model": "boulange.product",
  "pk": 13,
  "fields": {
    "name": "Seigle 70% (400 g)",
    "ref": "PSe",
    "price": "2.70",
    "active": true,
    "orig_product": 12,
    "coef": 1.0,
    "nb_units": 2,
    "baked_by_batch": true,
    "notes": "",
    "display_priority": 0,
    "is_bread": true
  }
},
{
  "model": "boulange.product",
  "pk": 14,
  "fields": {
    "name": "Brioche raisin (500g)",
    "ref": "BR",
    "price": "4.70",
    "active": true,
    "orig_product": null,
    "coef": 1.0,
    "nb_units": 1,
    "baked_by_batch": false,
    "notes": "",
    "display_priority": 30,
    "is_bread": false
  }
},
{
  "model": "boulange.product",
  "pk": 15,
  "fields": {
    "name": "Brioche chocolat",
    "ref": "BC",
    "price": "5.70",
    "active": true,
    "orig_product": null,
    "coef": 1.0,
    "nb_units": 1,
    "baked_by_batch": false,
    "notes": "",
    "display_priority": 20,
    "is_bread": false
  }
},
{
  "model": "boulange.product",
  "pk": 16,
  "fields": {
    "name": "Cookie",
    "ref": "COOKIE",
    "price": "2.20",
    "active": true,
    "orig_product": null,
    "coef": 1.0,
    "nb_units": 12,
    "baked_by_batch": false,
    "notes": "",
    "display_priority": 0,
    "is_bread": false
  }
},
{
  "model": "boulange.product",
  "pk": 17,
  "fields": {
    "name": "Gâteau breton",
    "ref": "BRETON",
    "price": "12.00",
    "active": true,
    "orig_product": null,
    "coef": 0.5,
    "nb_units": 1,
    "baked_by_batch": false,
    "notes": "",
    "display_priority": 0,
    "is_bread": false
  }
},
{
  "model": "boulange.product",
  "pk": 18,
  "fields": {
    "name": "Gâteau d'argent",
    "ref": "ARGENT",
    "price": "2.00",
    "active": true,
    "orig_product": null,
    "coef": 1.0,
    "nb_units": 15,
    "baked_by_batch": false,
    "notes": null,
    "display_priority": 0,
    "is_bread": false
  }
},
{
  "model": "boulange.product",
  "pk": 19,
  "fields": {
    "name": "Far",
    "ref": "FAR",
    "price": "15.00",
    "active": true,
    "orig_product": null,
    "coef": 1.0,
    "nb_units": 1,
    "baked_by_batch": false,
    "notes": null,
    "display_priority": 0,
    "is_bread": false
  }
},
{
  "model": "boulange.product",
  "pk": 20,
  "fields": {
    "name": "Pâton pizza (x1)",
    "ref": "PATON",
    "price": "1.80",
    "active": true,
    "orig_product": null,
    "coef": 1.0,
    "nb_units": 1,
    "baked_by_batch": false,
    "notes": null,
    "display_priority": 0,
    "is_bread": false
  }
},
{
  "model": "boulange.product",
  "pk": 21,
  "fields": {
    "name": "Pâton pizza (x5)",
    "ref": "PATON5",
    "price": "8.00",
    "active": true,
    "orig_product": 20,
    "coef": 5.0,
    "nb_units": 1,
    "baked_by_batch": false,
    "notes": null,
    "display_priority": 0,
    "is_bread": false
  }
},
{
  "model": "boulange.product",
  "pk": 22,
  "fields": {
    "name": "Semi-complet noix (1kg)",
    "ref": "GNX",
    "price": "9.50",
    "active": true,
    "orig_product": null,
    "coef": 1.0,
    "nb_units": 1,
    "baked_by_batch": false,
    "notes": "",
    "display_priority": 70,
    "is_bread": true
  }
},
{
  "model": "boulange.product",
  "pk": 23,
  "fields": {
    "name": "Semi-complet noix (500g)",
    "ref": "PNX",
    "price": "5.00",
    "active": true,
    "orig_product": 22,
    "coef": 0.5,
    "nb_units": 1,
    "baked_by_batch": false,
    "notes": "",
    "display_priority": 0,
    "is_bread": true
  }
},
{
  "model": "boulange.product",
  "pk": 24,
  "fields": {
    "name": "Semi-complet lin (1,5kg moulé)",
    "ref": "GL1,5",
    "price": "10.00",
    "active": true,
    "orig_product": 4,
    "coef": 1.5,
    "nb_units": 1,
    "baked_by_batch": false,
    "notes": "",
    "display_priority": 0,
    "is_bread": true
  }
},
{
  "model": "boulange.product",
  "pk": 25,
  "fields": {
    "name": "PAIN DE MIE 600G",
    "ref": "PAINDEMIE600G",
    "price": "5.30",
    "active": true,
    "orig_product": null,
    "coef": 1.0,
    "nb_units": 1,
    "baked_by_batch": false,
    "notes": "",
    "display_priority": 40,
    "is_bread": false
  }
},
{
  "model": "boulange.product",
  "pk": 26,
  "fields": {
    "name": "LENTILLESVERTES10KG",
    "ref": "LV10KG",
    "price": "54.00",
    "active": true,
    "orig_product": null,
    "coef": 1.0,
    "nb_units": 1,
    "baked_by_batch": false,
    "notes": "",
    "display_priority": 0,
    "is_bread": false
  }
},
{
  "model": "boulange.product",
  "pk": 27,
  "fields": {
    "name": "LENTILLESVERTES20KG",
    "ref": "LV20KG",
    "price": "108.00",
    "active": true,
    "orig_product": 26,
    "coef": 2.0,
    "nb_units": 1,
    "baked_by_batch": false,
    "notes": "",
    "display_priority": 0,
    "is_bread": false
  }
},
{
  "model": "boulange.product",
  "pk": 28,
  "fields": {
    "name": "Pain Petit Epeautre 800g",
    "ref": "GPE",
    "price": "8.00",
    "active": true,
    "orig_product": null,
    "coef": 1.0,
    "nb_units": 1,
    "baked_by_batch": false,
    "notes": "",
    "display_priority": 40,
    "is_bread": false
  }
},
{
  "model": "boulange.product",
  "pk": 29,
  "fields": {
    "name": "FF1KG",
    "ref": "FARINE FROMENT 1KG",
    "price": "2.70",
    "active": true,
    "orig_product": null,
    "coef": 1.0,
    "nb_units": 1,
    "baked_by_batch": false,
    "notes": "",
    "display_priority": 0,
    "is_bread": false
  }
},
{
  "model": "boulange.product",
  "pk": 30,
  "fields": {
    "name": "FF5KG",
    "ref": "FARINE FROMENT 5KG",
    "price": "12.50",
    "active": true,
    "orig_product": null,
    "coef": 1.0,
    "nb_units": 1,
    "baked_by_batch": false,
    "notes": "",
    "display_priority": 0,
    "is_bread": false
  }
},
{
  "model": "boulange.product",
  "pk": 31,
  "fields": {
    "name": "Pain Petit Epeautre 400g",
    "ref": "PPE",
    "price": "4.00",
    "active": true,
    "orig_product": 28,
    "coef": 1.0,
    "nb_units": 2,
    "baked_by_batch": true,
    "notes": "",
    "display_priority": 0,
    "is_bread": false
  }
},
{
  "model": "boulange.product",
  "pk": 32,
  "fields": {
    "name": "Semi-complet noix (2kg)",
    "ref": "TGNX",
    "price": "19.00",
    "active": true,
    "orig_product": 22,
    "coef": 2.0,
    "nb_units": 1,
    "baked_by_batch": false,
    "notes": "",
    "display_priority": 0,
    "is_bread": false
  }
},
{
  "model": "boulange.product",
  "pk": 33,
  "fields": {
    "name": "FF10KG",
    "ref": "FARINE FROMENT 10kg",
    "price": "25.00",
    "active": true,
    "orig_product": 29,
    "coef": 10.0,
    "nb_units": 1,
    "baked_by_batch": false,
    "notes": "",
    "display_priority": 0,
    "is_bread": false
  }
},
{
  "model": "boulange.product",
  "pk": 34,
  "fields": {
    "name": "FBN1KG",
    "ref": "FARINE BLE NOIR 1KG",
    "price": "5.00",
    "active": true,
    "orig_product": null,
    "coef": 1.0,
    "nb_units": 1,
    "baked_by_batch": false,
    "notes": "",
    "display_priority": 0,
    "is_bread": false
  }
},
{
  "model": "boulange.product",
  "pk": 35,
  "fields": {
    "name": "FBN5KG",
    "ref": "FARINE BLE NOIR 5KG",
    "price": "23.00",
    "active": true,
    "orig_product": 34,
    "coef": 5.0,
    "nb_units": 1,
    "baked_by_batch": false,
    "notes": "",
    "display_priority": 0,
    "is_bread": false
  }
},
{
  "model": "boulange.product",
  "pk": 36,
  "fields": {
    "name": "FBN10KG",
    "ref": "FARINE BLE NOIR 10KG",
    "price": "46.00",
    "active": true,
    "orig_product": 34,
    "coef": 1.0,
    "nb_units": 1,
    "baked_by_batch": false,
    "notes": "",
    "display_priority": 0,
    "is_bread": false
  }
},
{
  "model": "boulange.product",
  "pk": 37,
  "fields": {
    "name": "GRAND PAIN DE MIE",
    "ref": "GPDM",
    "price": "13.25",
    "active": true,
    "orig_product": 25,
    "coef": 2.5,
    "nb_units": 1,
    "baked_by_batch": false,
    "notes": "",
    "display_priority": 8,
    "is_bread": false
  }
},
{
  "model": "boulange.product",
  "pk": 38,
  "fields": {
    "name": "Brioche au beurre",
    "ref": "BB400g",
    "price": "5.60",
    "active": true,
    "orig_product": null,
    "coef": 1.0,
    "nb_units": 2,
    "baked_by_batch": false,
    "notes": "",
    "display_priority": 0,
    "is_bread": false
  }
},
{
  "model": "boulange.product",
  "pk": 39,
  "fields": {
    "name": "KouignAmanPetit",
    "ref": "KA petit",
    "price": "3.50",
    "active": true,
    "orig_product": null,
    "coef": 1.0,
    "nb_units": 10,
    "baked_by_batch": false,
    "notes": "",
    "display_priority": 0,
    "is_bread": false
  }
},
{
  "model": "boulange.product",
  "pk": 40,
  "fields": {
    "name": "SARRASINDECORTIQUE",
    "ref": "SARDEC",
    "price": "7.50",
    "active": true,
    "orig_product": null,
    "coef": 1.0,
    "nb_units": 1,
    "baked_by_batch": false,
    "notes": "",
    "display_priority": 0,
    "is_bread": false
  }
},
{
  "model": "boulange.product",
  "pk": 41,
  "fields": {
    "name": "Lentilles Vertes 1KG",
    "ref": "LV1KG",
    "price": "5.83",
    "active": true,
    "orig_product": null,
    "coef": 1.0,
    "nb_units": 1,
    "baked_by_batch": false,
    "notes": "",
    "display_priority": 0,
    "is_bread": false
  }
},
{
  "model": "boulange.product",
  "pk": 42,
  "fields": {
    "name": "Brioché choco/noisettes caramélisées",
    "ref": "BCN",
    "price": "5.00",
    "active": true,
    "orig_product": null,
    "coef": 1.0,
    "nb_units": 1,
    "baked_by_batch": false,
    "notes": "",
    "display_priority": 0,
    "is_bread": true
  }
},
{
  "model": "boulange.product",
  "pk": 43,
  "fields": {
    "name": "Financier part",
    "ref": "Fin",
    "price": "2.20",
    "active": true,
    "orig_product": null,
    "coef": 1.0,
    "nb_units": 1,
    "baked_by_batch": false,
    "notes": "",
    "display_priority": 0,
    "is_bread": false
  }
},
{
  "model": "boulange.product",
  "pk": 44,
  "fields": {
    "name": "Focaccia (part)",
    "ref": "FOC",
    "price": "2.20",
    "active": true,
    "orig_product": 1,
    "coef": 2.5,
    "nb_units": 48,
    "baked_by_batch": true,
    "notes": "",
    "display_priority": 0,
    "is_bread": false
  }
},
{
  "model": "boulange.productline",
  "pk": 1,
  "fields": {
    "product": 1,
    "ingredient": 3,
    "quantity": 637.0
  }
},
{
  "model": "boulange.productline",
  "pk": 2,
  "fields": {
    "product": 1,
    "ingredient": 2,
    "quantity": 446.0
  }
},
{
  "model": "boulange.productline",
  "pk": 3,
  "fields": {
    "product": 1,
    "ingredient": 13,
    "quantity": 159.0
  }
},
{
  "model": "boulange.productline",
  "pk": 4,
  "fields": {
    "product": 1,
    "ingredient": 21,
    "quantity": 12.75
  }
},
{
  "model": "boulange.productline",
  "pk": 5,
  "fields": {
    "product": 4,
    "ingredient": 3,
    "quantity": 585.0
  }
},
{
  "model": "boulange.productline",
  "pk": 6,
  "fields": {
    "product": 4,
    "ingredient": 2,
    "quantity": 453.0
  }
},
{
  "model": "boulange.productline",
  "pk": 7,
  "fields": {
    "product": 4,
    "ingredient": 13,
    "quantity": 164.0
  }
},
{
  "model": "boulange.productline",
  "pk": 8,
  "fields": {
    "product": 4,
    "ingredient": 21,
    "quantity": 11.7
  }
},
{
  "model": "boulange.productline",
  "pk": 9,
  "fields": {
    "product": 4,
    "ingredient": 7,
    "quantity": 76.0
  }
},
{
  "model": "boulange.productline",
  "pk": 10,
  "fields": {
    "product": 7,
    "ingredient": 3,
    "quantity": 599.0
  }
},
{
  "model": "boulange.productline",
  "pk": 11,
  "fields": {
    "product": 7,
    "ingredient": 2,
    "quantity": 449.0
  }
},
{
  "model": "boulange.productline",
  "pk": 12,
  "fields": {
    "product": 7,
    "ingredient": 13,
    "quantity": 168.0
  }
},
{
  "model": "boulange.productline",
  "pk": 13,
  "fields": {
    "product": 7,
    "ingredient": 21,
    "quantity": 11.98
  }
},
{
  "model": "boulange.productline",
  "pk": 14,
  "fields": {
    "product": 7,
    "ingredient": 6,
    "quantity": 78.0
  }
},
{
  "model": "boulange.productline",
  "pk": 15,
  "fields": {
    "product": 10,
    "ingredient": 4,
    "quantity": 455.0
  }
},
{
  "model": "boulange.productline",
  "pk": 16,
  "fields": {
    "product": 10,
    "ingredient": 2,
    "quantity": 423.0
  }
},
{
  "model": "boulange.productline",
  "pk": 17,
  "fields": {
    "product": 10,
    "ingredient": 14,
    "quantity": 136.0
  }
},
{
  "model": "boulange.productline",
  "pk": 18,
  "fields": {
    "product": 10,
    "ingredient": 21,
    "quantity": 9.1
  }
},
{
  "model": "boulange.productline",
  "pk": 19,
  "fields": {
    "product": 12,
    "ingredient": 3,
    "quantity": 157.6
  }
},
{
  "model": "boulange.productline",
  "pk": 20,
  "fields": {
    "product": 12,
    "ingredient": 5,
    "quantity": 368.8
  }
},
{
  "model": "boulange.productline",
  "pk": 21,
  "fields": {
    "product": 12,
    "ingredient": 2,
    "quantity": 368.0
  }
},
{
  "model": "boulange.productline",
  "pk": 22,
  "fields": {
    "product": 12,
    "ingredient": 13,
    "quantity": 147.2
  }
},
{
  "model": "boulange.productline",
  "pk": 23,
  "fields": {
    "product": 12,
    "ingredient": 21,
    "quantity": 9.6
  }
},
{
  "model": "boulange.productline",
  "pk": 24,
  "fields": {
    "product": 14,
    "ingredient": 3,
    "quantity": 246.5
  }
},
{
  "model": "boulange.productline",
  "pk": 26,
  "fields": {
    "product": 14,
    "ingredient": 9,
    "quantity": 24.5
  }
},
{
  "model": "boulange.productline",
  "pk": 27,
  "fields": {
    "product": 14,
    "ingredient": 13,
    "quantity": 128.0
  }
},
{
  "model": "boulange.productline",
  "pk": 28,
  "fields": {
    "product": 14,
    "ingredient": 21,
    "quantity": 3.0
  }
},
{
  "model": "boulange.productline",
  "pk": 29,
  "fields": {
    "product": 14,
    "ingredient": 22,
    "quantity": 34.5
  }
},
{
  "model": "boulange.productline",
  "pk": 30,
  "fields": {
    "product": 14,
    "ingredient": 20,
    "quantity": 47.0
  }
},
{
  "model": "boulange.productline",
  "pk": 31,
  "fields": {
    "product": 15,
    "ingredient": 3,
    "quantity": 246.5
  }
},
{
  "model": "boulange.productline",
  "pk": 33,
  "fields": {
    "product": 15,
    "ingredient": 9,
    "quantity": 24.5
  }
},
{
  "model": "boulange.productline",
  "pk": 34,
  "fields": {
    "product": 15,
    "ingredient": 13,
    "quantity": 128.0
  }
},
{
  "model": "boulange.productline",
  "pk": 35,
  "fields": {
    "product": 15,
    "ingredient": 21,
    "quantity": 3.0
  }
},
{
  "model": "boulange.productline",
  "pk": 36,
  "fields": {
    "product": 15,
    "ingredient": 22,
    "quantity": 34.5
  }
},
{
  "model": "boulange.productline",
  "pk": 37,
  "fields": {
    "product": 15,
    "ingredient": 19,
    "quantity": 47.0
  }
},
{
  "model": "boulange.productline",
  "pk": 38,
  "fields": {
    "product": 16,
    "ingredient": 3,
    "quantity": 400.0
  }
},
{
  "model": "boulange.productline",
  "pk": 39,
  "fields": {
    "product": 16,
    "ingredient": 2,
    "quantity": 120.0
  }
},
{
  "model": "boulange.productline",
  "pk": 40,
  "fields": {
    "product": 16,
    "ingredient": 1,
    "quantity": 200.0
  }
},
{
  "model": "boulange.productline",
  "pk": 41,
  "fields": {
    "product": 16,
    "ingredient": 17,
    "quantity": 3.0
  }
},
{
  "model": "boulange.productline",
  "pk": 42,
  "fields": {
    "product": 16,
    "ingredient": 13,
    "quantity": 150.0
  }
},
{
  "model": "boulange.productline",
  "pk": 43,
  "fields": {
    "product": 16,
    "ingredient": 22,
    "quantity": 100.0
  }
},
{
  "model": "boulange.productline",
  "pk": 44,
  "fields": {
    "product": 16,
    "ingredient": 19,
    "quantity": 200.0
  }
},
{
  "model": "boulange.productline",
  "pk": 45,
  "fields": {
    "product": 16,
    "ingredient": 15,
    "quantity": 120.0
  }
},
{
  "model": "boulange.productline",
  "pk": 46,
  "fields": {
    "product": 17,
    "ingredient": 3,
    "quantity": 500.0
  }
},
{
  "model": "boulange.productline",
  "pk": 47,
  "fields": {
    "product": 17,
    "ingredient": 2,
    "quantity": 90.0
  }
},
{
  "model": "boulange.productline",
  "pk": 48,
  "fields": {
    "product": 17,
    "ingredient": 1,
    "quantity": 400.0
  }
},
{
  "model": "boulange.productline",
  "pk": 49,
  "fields": {
    "product": 17,
    "ingredient": 17,
    "quantity": 6.0
  }
},
{
  "model": "boulange.productline",
  "pk": 50,
  "fields": {
    "product": 17,
    "ingredient": 22,
    "quantity": 300.0
  }
},
{
  "model": "boulange.productline",
  "pk": 51,
  "fields": {
    "product": 18,
    "ingredient": 3,
    "quantity": 450.0
  }
},
{
  "model": "boulange.productline",
  "pk": 52,
  "fields": {
    "product": 18,
    "ingredient": 2,
    "quantity": 90.0
  }
},
{
  "model": "boulange.productline",
  "pk": 53,
  "fields": {
    "product": 18,
    "ingredient": 17,
    "quantity": 15.0
  }
},
{
  "model": "boulange.productline",
  "pk": 54,
  "fields": {
    "product": 18,
    "ingredient": 9,
    "quantity": 200.0
  }
},
{
  "model": "boulange.productline",
  "pk": 55,
  "fields": {
    "product": 18,
    "ingredient": 22,
    "quantity": 250.0
  }
},
{
  "model": "boulange.productline",
  "pk": 56,
  "fields": {
    "product": 19,
    "ingredient": 3,
    "quantity": 375.0
  }
},
{
  "model": "boulange.productline",
  "pk": 57,
  "fields": {
    "product": 19,
    "ingredient": 12,
    "quantity": 1500.0
  }
},
{
  "model": "boulange.productline",
  "pk": 58,
  "fields": {
    "product": 19,
    "ingredient": 17,
    "quantity": 6.0
  }
},
{
  "model": "boulange.productline",
  "pk": 59,
  "fields": {
    "product": 19,
    "ingredient": 1,
    "quantity": 30.0
  }
},
{
  "model": "boulange.productline",
  "pk": 60,
  "fields": {
    "product": 19,
    "ingredient": 22,
    "quantity": 250.0
  }
},
{
  "model": "boulange.productline",
  "pk": 61,
  "fields": {
    "product": 19,
    "ingredient": 18,
    "quantity": 375.0
  }
},
{
  "model": "boulange.productline",
  "pk": 62,
  "fields": {
    "product": 20,
    "ingredient": 3,
    "quantity": 125.0
  }
},
{
  "model": "boulange.productline",
  "pk": 63,
  "fields": {
    "product": 20,
    "ingredient": 2,
    "quantity": 75.0
  }
},
{
  "model": "boulange.productline",
  "pk": 64,
  "fields": {
    "product": 20,
    "ingredient": 10,
    "quantity": 75.0
  }
},
{
  "model": "boulange.productline",
  "pk": 65,
  "fields": {
    "product": 20,
    "ingredient": 13,
    "quantity": 25.0
  }
},
{
  "model": "boulange.productline",
  "pk": 66,
  "fields": {
    "product": 20,
    "ingredient": 21,
    "quantity": 3.5
  }
},
{
  "model": "boulange.productline",
  "pk": 67,
  "fields": {
    "product": 20,
    "ingredient": 8,
    "quantity": 2.5
  }
},
{
  "model": "boulange.productline",
  "pk": 68,
  "fields": {
    "product": 14,
    "ingredient": 23,
    "quantity": 10.0
  }
},
{
  "model": "boulange.productline",
  "pk": 69,
  "fields": {
    "product": 14,
    "ingredient": 2,
    "quantity": 160.0
  }
},
{
  "model": "boulange.productline",
  "pk": 70,
  "fields": {
    "product": 15,
    "ingredient": 23,
    "quantity": 13.455
  }
},
{
  "model": "boulange.productline",
  "pk": 71,
  "fields": {
    "product": 15,
    "ingredient": 2,
    "quantity": 134.55
  }
},
{
  "model": "boulange.productline",
  "pk": 72,
  "fields": {
    "product": 22,
    "ingredient": 3,
    "quantity": 599.0
  }
},
{
  "model": "boulange.productline",
  "pk": 73,
  "fields": {
    "product": 22,
    "ingredient": 2,
    "quantity": 409.0
  }
},
{
  "model": "boulange.productline",
  "pk": 74,
  "fields": {
    "product": 22,
    "ingredient": 13,
    "quantity": 168.0
  }
},
{
  "model": "boulange.productline",
  "pk": 75,
  "fields": {
    "product": 22,
    "ingredient": 21,
    "quantity": 11.9
  }
},
{
  "model": "boulange.productline",
  "pk": 76,
  "fields": {
    "product": 22,
    "ingredient": 16,
    "quantity": 78.0
  }
},
{
  "model": "boulange.productline",
  "pk": 77,
  "fields": {
    "product": 25,
    "ingredient": 3,
    "quantity": 373.0
  }
},
{
  "model": "boulange.productline",
  "pk": 78,
  "fields": {
    "product": 25,
    "ingredient": 12,
    "quantity": 241.0
  }
},
{
  "model": "boulange.productline",
  "pk": 79,
  "fields": {
    "product": 25,
    "ingredient": 9,
    "quantity": 23.0
  }
},
{
  "model": "boulange.productline",
  "pk": 80,
  "fields": {
    "product": 25,
    "ingredient": 13,
    "quantity": 115.0
  }
},
{
  "model": "boulange.productline",
  "pk": 81,
  "fields": {
    "product": 25,
    "ingredient": 21,
    "quantity": 7.0
  }
},
{
  "model": "boulange.productline",
  "pk": 82,
  "fields": {
    "product": 25,
    "ingredient": 22,
    "quantity": 16.0
  }
},
{
  "model": "boulange.productline",
  "pk": 83,
  "fields": {
    "product": 28,
    "ingredient": 24,
    "quantity": 500.0
  }
},
{
  "model": "boulange.productline",
  "pk": 84,
  "fields": {
    "product": 28,
    "ingredient": 2,
    "quantity": 394.0
  }
},
{
  "model": "boulange.productline",
  "pk": 85,
  "fields": {
    "product": 28,
    "ingredient": 21,
    "quantity": 9.0
  }
},
{
  "model": "boulange.productline",
  "pk": 86,
  "fields": {
    "product": 28,
    "ingredient": 25,
    "quantity": 110.0
  }
},
{
  "model": "boulange.productline",
  "pk": 87,
  "fields": {
    "product": 38,
    "ingredient": 13,
    "quantity": 100.0
  }
},
{
  "model": "boulange.productline",
  "pk": 88,
  "fields": {
    "product": 38,
    "ingredient": 3,
    "quantity": 500.0
  }
},
{
  "model": "boulange.productline",
  "pk": 89,
  "fields": {
    "product": 38,
    "ingredient": 22,
    "quantity": 100.0
  }
},
{
  "model": "boulange.productline",
  "pk": 90,
  "fields": {
    "product": 38,
    "ingredient": 17,
    "quantity": 3.0
  }
},
{
  "model": "boulange.productline",
  "pk": 91,
  "fields": {
    "product": 38,
    "ingredient": 12,
    "quantity": 95.0
  }
},
{
  "model": "boulange.productline",
  "pk": 92,
  "fields": {
    "product": 38,
    "ingredient": 21,
    "quantity": 5.0
  }
},
{
  "model": "boulange.productline",
  "pk": 93,
  "fields": {
    "product": 38,
    "ingredient": 1,
    "quantity": 125.0
  }
},
{
  "model": "boulange.productline",
  "pk": 94,
  "fields": {
    "product": 39,
    "ingredient": 1,
    "quantity": 500.0
  }
},
{
  "model": "boulange.productline",
  "pk": 95,
  "fields": {
    "product": 39,
    "ingredient": 22,
    "quantity": 500.0
  }
},
{
  "model": "boulange.productline",
  "pk": 96,
  "fields": {
    "product": 39,
    "ingredient": 3,
    "quantity": 637.0
  }
},
{
  "model": "boulange.productline",
  "pk": 97,
  "fields": {
    "product": 39,
    "ingredient": 2,
    "quantity": 414.0
  }
},
{
  "model": "boulange.productline",
  "pk": 98,
  "fields": {
    "product": 39,
    "ingredient": 13,
    "quantity": 159.0
  }
},
{
  "model": "boulange.productline",
  "pk": 99,
  "fields": {
    "product": 39,
    "ingredient": 21,
    "quantity": 12.75
  }
},
{
  "model": "boulange.productline",
  "pk": 100,
  "fields": {
    "product": 42,
    "ingredient": 2,
    "quantity": 134.55
  }
},
{
  "model": "boulange.productline",
  "pk": 101,
  "fields": {
    "product": 42,
    "ingredient": 3,
    "quantity": 246.5
  }
},
{
  "model": "boulange.productline",
  "pk": 102,
  "fields": {
    "product": 42,
    "ingredient": 23,
    "quantity": 13.455
  }
},
{
  "model": "boulange.productline",
  "pk": 103,
  "fields": {
    "product": 42,
    "ingredient": 9,
    "quantity": 24.5
  }
},
{
  "model": "boulange.productline",
  "pk": 104,
  "fields": {
    "product": 42,
    "ingredient": 13,
    "quantity": 128.0
  }
},
{
  "model": "boulange.productline",
  "pk": 105,
  "fields": {
    "product": 42,
    "ingredient": 19,
    "quantity": 25.0
  }
},
{
  "model": "boulange.productline",
  "pk": 106,
  "fields": {
    "product": 42,
    "ingredient": 21,
    "quantity": 3.0
  }
},
{
  "model": "boulange.productline",
  "pk": 107,
  "fields": {
    "product": 42,
    "ingredient": 22,
    "quantity": 34.5
  }
},
{
  "model": "boulange.productline",
  "pk": 108,
  "fields": {
    "product": 42,
    "ingredient": 27,
    "quantity": 50.0
  }
},
{
  "model": "boulange.productline",
  "pk": 109,
  "fields": {
    "product": 44,
    "ingredient": 26,
    "quantity": 100.0
  }
},
{
  "model": "boulange.productline",
  "pk": 110,
  "fields": {
    "product": 44,
    "ingredient": 10,
    "quantity": 150.0
  }
},
{
  "model": "boulange.productline",
  "pk": 111,
  "fields": {
    "product": 44,
    "ingredient": 8,
    "quantity": 10.0
  }
},
{
  "model": "boulange.productline",
  "pk": 112,
  "fields": {
    "product": 44,
    "ingredient": 28,
    "quantity": 200.0
  }
}
]
